snps,rsID
exm1519370,rs6136375 
rs6075340,rs6075340
rs7241199,rs7241199
JHU_1.228317857,rs74597096
rs12610448,rs12610448
rs1016193,rs1016193
rs58568453,rs58568453
JHU_6.96605484,rs78956122
JHU_6.97003033,rs1376332416Ê
JHU_20.1894880,rs72620869Ê
JHU_20.1894909,rs67772748Ê
JHU_20.1895073,rs67802885
JHU_20.1895101,rs72620871Ê
JHU_20.1895192,rs75979966Ê
JHU_20.1895217,rs78459689 
JHU_20.1895467,rs796297520
rs72620873,rs72620873
rs66600581,rs66600581 
JHU_20.1895704,rs111713867Ê
rs7144688,rs7144688
JHU_16.89626135,rs550516418 
rs7555025,rs7555025
rs247894,rs247894
JHU_10.106763757,rs940746
rs2815125,rs2815125
rs55966428,rs55966428
rs6599528,rs6599528
rs7994794,rs7994794
rs6924573,rs6924573
JHU_19.2391392,rs112489108