snps,gene,lead_SNP,FDR_mtb,FDR_interact,FDR_media,chr,pos,rsID
rs55966428,BMP6,Y,6.28E-04,0.068716987,NA,6,8829127,rs55966428
rs7241199,CHMP1B,Y,0.002238434,0.008225836,NA,18,11857066,rs7241199
rs6599528,CPSF1,Y,2.56E-05,0.073860402,0.023663589,8,145603114,rs6599528
JHU_16.89626135,FANCA,Y,2.80E-04,0.042651557,NA,16,89626136,rs550516418
rs7144688,GPX2,Y,0.004773135,0.041308849,NA,14,64613473,rs7144688
JHU_10.106763757,GSTO2,Y,0.003575603,0.057517411,NA,10,106763758,rs940746
rs2815125,KCNK5,Y,7.09E-05,0.068716987,NA,6,39194533,rs2815125
rs6924573,MAS1,Y,0.001355742,0.080084791,NA,6,160286188,rs6924573
rs247894,MLYCD,Y,0.007785743,0.042651557,NA,16,84479189,rs247894
JHU_1.228317857,MRPL55,Y,0.00225556,0.008225836,NA,1,228317858,rs74597096
JHU_6.96605484,NDUFAF4,Y,0.008111716,0.036126632,NA,6,96605485,rs78956122
rs7994794,PIBF1,Y,0.003263021,0.078777455,NA,13,73086549,rs7994794
rs1016193,PRKAG2,Y,3.39E-04,0.012119083,NA,7,150412100,rs1016193
exm1519370,SIRPB1,Y,2.34E-11,0.001272121,0.072356906,20,1896100,rs6136375
rs12610448,TIMM44,Y,0.005330504,0.008225836,NA,19,8532219,rs12610448
rs7555025,TRMT13,Y,0.006436953,0.042651557,NA,1,100997680,rs7555025
rs6075340,SIRPB1,NA,5.28E-10,0.001953114,0.13790891,20,1894335,rs6075340
JHU_20.1894880,SIRPB1,NA,4.93E-05,0.041308849,0.605867642,20,1894881,rs72620869Ê
JHU_20.1894909,SIRPB1,NA,4.93E-05,0.041308849,0.605867642,20,1894910,rs67772748Ê
JHU_20.1895073,SIRPB1,NA,4.93E-05,0.041308849,0.605867642,20,1895074,rs67802885
JHU_20.1895101,SIRPB1,NA,4.93E-05,0.041308849,0.605867642,20,1895102,rs72620871Ê
JHU_20.1895192,SIRPB1,NA,4.93E-05,0.041308849,0.605867642,20,1895193,rs75979966Ê
JHU_20.1895217,SIRPB1,NA,4.93E-05,0.041308849,0.605867642,20,1895218,rs78459689
JHU_20.1895467,SIRPB1,NA,4.93E-05,0.041308849,0.605867642,20,1895468,rs796297520
rs72620873,SIRPB1,NA,4.93E-05,0.041308849,0.605867642,20,1895533,rs72620873
rs66600581,SIRPB1,NA,4.93E-05,0.041308849,0.605867642,20,1895601,rs66600581
JHU_20.1895704,SIRPB1,NA,2.14E-04,0.041308849,0.758896459,20,1895705,rs111713867Ê
rs58568453,PRKAG2,NA,4.00E-04,0.036126632,NA,7,150388788,rs58568453
JHU_6.97003033,NDUFAF4,NA,0.009746602,0.039353256,NA,6,97003034,rs1376332416Ê